{
  "src_folders": ["./test/spec/e2e"],
  "output_folder": "./build/coverage/e2e/reports",
  "custom_commands_path": "",
  "custom_assertions_path": "",
  "page_objects_path": "",
  "globals_path": "",

  "selenium" : {
    "start_process" : false,
    "host" : "hub.browserstack.com",
    "port" : 80
  },

  "test_settings": {
    "default": {
      "launch_url" : "http://hub.browserstack.com",
      "selenium_port"  : 80,
      "selenium_host"  : "hub.browserstack.com",
      "silent": true,
      "exclude":["custom-assertions","custom-commands","common","custom-reporter"],
      "screenshots" : {
        "enabled" : false,
        "path" : ""
      },
      "desiredCapabilities": {
        "browserName": "chrome",
        "browser_version" : "51.0",
        "platform" : "WINDOWS",

        "javascriptEnabled": true,
        "acceptSslCerts": true,

        "os" : "WINDOWS",
        "os_version" : "7",
        "browser" : "Chrome",
        "browser_version" : "51.0",
        "browserstack.local": true,
        "browserstack.debug": true,
        "browserstack.selenium_version" : "2.53.0",
        "browserstack.user": "${BROWSERSTACK_USERNAME}",
        "browserstack.key": "${BROWSERSTACK_KEY}"
      }
    }
  }
}
