[
    "aardvark",
    "adblade",
    "adbund",
    "adbutler",
    "adequant",
    "adform",
    "adkernel",
    "admedia",
    "vertamedia",
    "aol",
    "appnexus",
    "appnexusAst",
    "conversant",
    "districtmDMX",
    "fidelity",
    "gumgum",
    "hiromedia",
    "indexExchange",
    "kruxlink",
    "getintent",
    "komoona",
    "lifestreet",
    "mantis",
    "openx",
    "piximedia",
    "pubmatic",
    "pulsepoint",
    "rhythmone",
    "rubicon",
    "smartyads",
	  "smartadserver",
    "sekindoUM",
    "sonobi",
    "sovrn",
    "springserve",
    "thoughtleadr",
    "stickyadstv",
    "triplelift",
    "twenga",
    "yieldbot",
    "nginad",
    "brightcom",
    "wideorbit",
    "jcm",
    "underdogmedia",
    "memeglobal",
    "criteo",
    "centro",
    "xhb",
    "sharethrough",
    "roxot",
    "vertoz",
    "widespace",
    "admixer",
    {
      "appnexus": {
        "alias": "brealtime"
      }
    },
    {
      "appnexus": {
        "alias": "pagescience"
      }
    },
    {
      "appnexus": {
        "alias": "defymedia"
      }
    },
    {
      "appnexusAst": {
        "supportedMediaTypes": ["video"]
      }
    },    {
      "vertamedia": {
        "supportedMediaTypes": ["video"]
      }
    },
    {
      "appnexus": {
        "alias": "matomy"
      }
    },
    {
      "rubicon": {
        "alias": "rubiconLite",
        "supportedMediaTypes": ["video"]
      }
    },
    {
      "appnexus": {
        "alias": "featureforward"
      }
    },    
    {
      "appnexus": {
        "alias": "oftmedia"
      }
    },
    {
      "adkernel": {
        "alias": "headbidding"
      }
    },
    {
      "getintent": {
        "supportedMediaTypes" : ["video"]
      }
    }

]
